num_hidden,hidden_size,lr,alpha,batch_size,num_epochs,val_acc,val_loss
1,18,0.001,0.0001,128,100,89.46527777777779,0.3466976134673409
2,18,0.001,0.0001,128,100,89.46527777777779,0.3466976134673409
