Feature,SPD,EOD,DI,AOD,Consistency
Feature_0,0.006544225000069459,0.04799155414458911,1.0132696300942716,0.014401478826680521,0.9308888888888894
Feature_1,-0.011634797724399515,-0.010143059110753971,0.9768338249754178,-0.006585355300204949,0.9308888888888894
Feature_2,0.002194168985888978,0.0087976320392269,1.0044300149245826,-0.011430015687503587,0.9308888888888894
Feature_3,-0.012668497562373149,-0.007025831140875405,0.9748051877884116,-0.006632345160455529,0.9308888888888894
Feature_4,0.03319890410485171,0.00210036924640844,1.0691455633113522,0.004293101555206031,0.9308888888888894
Feature_5,0.0015148726778230759,-0.009093661348014703,1.0030563512424135,-0.00452111400556501,0.9308888888888894
Feature_6,0.0053475374174709045,-0.004727019012733313,1.0108294938082771,-0.007244010183703159,0.9308888888888894
Feature_7,-0.019300577170813182,0.025965144798189344,0.9618748688621381,-0.0030065745400259802,0.9308888888888894
Feature_8,-0.0009151843696517115,-0.008178651762404177,0.9981580599640688,0.004517635148595194,0.9308888888888894
